run_accession	fastq_ftp	sample_alias	secondary_sample_accession	experiment_alias
SRR5305477	ftp.sra.ebi.ac.uk/vol1/fastq/SRR530/007/SRR5305477/SRR5305477_1.fastq.gz;ftp.sra.ebi.ac.uk/vol1/fastq/SRR530/007/SRR5305477/SRR5305477_2.fastq.gz	GSM2516806	SRS2018174	GSM2516806
SRR5305481	ftp.sra.ebi.ac.uk/vol1/fastq/SRR530/001/SRR5305481/SRR5305481_1.fastq.gz;ftp.sra.ebi.ac.uk/vol1/fastq/SRR530/001/SRR5305481/SRR5305481_2.fastq.gz	GSM2516810	SRS2018182	GSM2516810
SRR5305483	ftp.sra.ebi.ac.uk/vol1/fastq/SRR530/003/SRR5305483/SRR5305483_1.fastq.gz;ftp.sra.ebi.ac.uk/vol1/fastq/SRR530/003/SRR5305483/SRR5305483_2.fastq.gz	GSM2516812	SRS2018179	GSM2516812
SRR5305484	ftp.sra.ebi.ac.uk/vol1/fastq/SRR530/004/SRR5305484/SRR5305484_1.fastq.gz;ftp.sra.ebi.ac.uk/vol1/fastq/SRR530/004/SRR5305484/SRR5305484_2.fastq.gz	GSM2516813	SRS2018180	GSM2516813
SRR5305490	ftp.sra.ebi.ac.uk/vol1/fastq/SRR530/000/SRR5305490/SRR5305490_1.fastq.gz;ftp.sra.ebi.ac.uk/vol1/fastq/SRR530/000/SRR5305490/SRR5305490_2.fastq.gz	GSM2516819	SRS2018188	GSM2516819
SRR5305491	ftp.sra.ebi.ac.uk/vol1/fastq/SRR530/001/SRR5305491/SRR5305491_1.fastq.gz;ftp.sra.ebi.ac.uk/vol1/fastq/SRR530/001/SRR5305491/SRR5305491_2.fastq.gz	GSM2516820	SRS2018187	GSM2516820
SRR5305495	ftp.sra.ebi.ac.uk/vol1/fastq/SRR530/005/SRR5305495/SRR5305495_1.fastq.gz;ftp.sra.ebi.ac.uk/vol1/fastq/SRR530/005/SRR5305495/SRR5305495_2.fastq.gz	GSM2516824	SRS2018192	GSM2516824
SRR5305499	ftp.sra.ebi.ac.uk/vol1/fastq/SRR530/009/SRR5305499/SRR5305499_1.fastq.gz;ftp.sra.ebi.ac.uk/vol1/fastq/SRR530/009/SRR5305499/SRR5305499_2.fastq.gz	GSM2516828	SRS2018198	GSM2516828
SRR5305505	ftp.sra.ebi.ac.uk/vol1/fastq/SRR530/005/SRR5305505/SRR5305505_1.fastq.gz;ftp.sra.ebi.ac.uk/vol1/fastq/SRR530/005/SRR5305505/SRR5305505_2.fastq.gz	GSM2516834	SRS2018201	GSM2516834
SRR5305510	ftp.sra.ebi.ac.uk/vol1/fastq/SRR530/000/SRR5305510/SRR5305510_1.fastq.gz;ftp.sra.ebi.ac.uk/vol1/fastq/SRR530/000/SRR5305510/SRR5305510_2.fastq.gz	GSM2516839	SRS2018207	GSM2516839
SRR5305519	ftp.sra.ebi.ac.uk/vol1/fastq/SRR530/009/SRR5305519/SRR5305519_1.fastq.gz;ftp.sra.ebi.ac.uk/vol1/fastq/SRR530/009/SRR5305519/SRR5305519_2.fastq.gz	GSM2516848	SRS2018214	GSM2516848
SRR5305522	ftp.sra.ebi.ac.uk/vol1/fastq/SRR530/002/SRR5305522/SRR5305522_1.fastq.gz;ftp.sra.ebi.ac.uk/vol1/fastq/SRR530/002/SRR5305522/SRR5305522_2.fastq.gz	GSM2516851	SRS2018218	GSM2516851
SRR5305530	ftp.sra.ebi.ac.uk/vol1/fastq/SRR530/000/SRR5305530/SRR5305530_1.fastq.gz;ftp.sra.ebi.ac.uk/vol1/fastq/SRR530/000/SRR5305530/SRR5305530_2.fastq.gz	GSM2516859	SRS2018227	GSM2516859
SRR5305535	ftp.sra.ebi.ac.uk/vol1/fastq/SRR530/005/SRR5305535/SRR5305535_1.fastq.gz;ftp.sra.ebi.ac.uk/vol1/fastq/SRR530/005/SRR5305535/SRR5305535_2.fastq.gz	GSM2516864	SRS2018230	GSM2516864
SRR5305539	ftp.sra.ebi.ac.uk/vol1/fastq/SRR530/009/SRR5305539/SRR5305539_1.fastq.gz;ftp.sra.ebi.ac.uk/vol1/fastq/SRR530/009/SRR5305539/SRR5305539_2.fastq.gz	GSM2516868	SRS2018234	GSM2516868
SRR5305540	ftp.sra.ebi.ac.uk/vol1/fastq/SRR530/000/SRR5305540/SRR5305540_1.fastq.gz;ftp.sra.ebi.ac.uk/vol1/fastq/SRR530/000/SRR5305540/SRR5305540_2.fastq.gz	GSM2516869	SRS2018239	GSM2516869
SRR5305541	ftp.sra.ebi.ac.uk/vol1/fastq/SRR530/001/SRR5305541/SRR5305541_1.fastq.gz;ftp.sra.ebi.ac.uk/vol1/fastq/SRR530/001/SRR5305541/SRR5305541_2.fastq.gz	GSM2516870	SRS2018235	GSM2516870
SRR5305542	ftp.sra.ebi.ac.uk/vol1/fastq/SRR530/002/SRR5305542/SRR5305542_1.fastq.gz;ftp.sra.ebi.ac.uk/vol1/fastq/SRR530/002/SRR5305542/SRR5305542_2.fastq.gz	GSM2516871	SRS2018241	GSM2516871
SRR5305543	ftp.sra.ebi.ac.uk/vol1/fastq/SRR530/003/SRR5305543/SRR5305543_1.fastq.gz;ftp.sra.ebi.ac.uk/vol1/fastq/SRR530/003/SRR5305543/SRR5305543_2.fastq.gz	GSM2516872	SRS2018243	GSM2516872
SRR5305544	ftp.sra.ebi.ac.uk/vol1/fastq/SRR530/004/SRR5305544/SRR5305544_1.fastq.gz;ftp.sra.ebi.ac.uk/vol1/fastq/SRR530/004/SRR5305544/SRR5305544_2.fastq.gz	GSM2516873	SRS2018237	GSM2516873
SRR5305551	ftp.sra.ebi.ac.uk/vol1/fastq/SRR530/001/SRR5305551/SRR5305551_1.fastq.gz;ftp.sra.ebi.ac.uk/vol1/fastq/SRR530/001/SRR5305551/SRR5305551_2.fastq.gz	GSM2516880	SRS2018248	GSM2516880
SRR5305553	ftp.sra.ebi.ac.uk/vol1/fastq/SRR530/003/SRR5305553/SRR5305553_1.fastq.gz;ftp.sra.ebi.ac.uk/vol1/fastq/SRR530/003/SRR5305553/SRR5305553_2.fastq.gz	GSM2516882	SRS2018247	GSM2516882
SRR5305554	ftp.sra.ebi.ac.uk/vol1/fastq/SRR530/004/SRR5305554/SRR5305554_1.fastq.gz;ftp.sra.ebi.ac.uk/vol1/fastq/SRR530/004/SRR5305554/SRR5305554_2.fastq.gz	GSM2516883	SRS2018252	GSM2516883
SRR5305557	ftp.sra.ebi.ac.uk/vol1/fastq/SRR530/007/SRR5305557/SRR5305557_1.fastq.gz;ftp.sra.ebi.ac.uk/vol1/fastq/SRR530/007/SRR5305557/SRR5305557_2.fastq.gz	GSM2516886	SRS2018251	GSM2516886
SRR5305560	ftp.sra.ebi.ac.uk/vol1/fastq/SRR530/000/SRR5305560/SRR5305560_1.fastq.gz;ftp.sra.ebi.ac.uk/vol1/fastq/SRR530/000/SRR5305560/SRR5305560_2.fastq.gz	GSM2516889	SRS2018255	GSM2516889
SRR5305565	ftp.sra.ebi.ac.uk/vol1/fastq/SRR530/005/SRR5305565/SRR5305565_1.fastq.gz;ftp.sra.ebi.ac.uk/vol1/fastq/SRR530/005/SRR5305565/SRR5305565_2.fastq.gz	GSM2516894	SRS2018262	GSM2516894
SRR5305571	ftp.sra.ebi.ac.uk/vol1/fastq/SRR530/001/SRR5305571/SRR5305571_1.fastq.gz;ftp.sra.ebi.ac.uk/vol1/fastq/SRR530/001/SRR5305571/SRR5305571_2.fastq.gz	GSM2516900	SRS2018269	GSM2516900
SRR5305575	ftp.sra.ebi.ac.uk/vol1/fastq/SRR530/005/SRR5305575/SRR5305575_1.fastq.gz;ftp.sra.ebi.ac.uk/vol1/fastq/SRR530/005/SRR5305575/SRR5305575_2.fastq.gz	GSM2516904	SRS2018271	GSM2516904
SRR5305577	ftp.sra.ebi.ac.uk/vol1/fastq/SRR530/007/SRR5305577/SRR5305577_1.fastq.gz;ftp.sra.ebi.ac.uk/vol1/fastq/SRR530/007/SRR5305577/SRR5305577_2.fastq.gz	GSM2516906	SRS2018272	GSM2516906
SRR5305580	ftp.sra.ebi.ac.uk/vol1/fastq/SRR530/000/SRR5305580/SRR5305580_1.fastq.gz;ftp.sra.ebi.ac.uk/vol1/fastq/SRR530/000/SRR5305580/SRR5305580_2.fastq.gz	GSM2516909	SRS2018278	GSM2516909
SRR5305588	ftp.sra.ebi.ac.uk/vol1/fastq/SRR530/008/SRR5305588/SRR5305588_1.fastq.gz;ftp.sra.ebi.ac.uk/vol1/fastq/SRR530/008/SRR5305588/SRR5305588_2.fastq.gz	GSM2516917	SRS2018286	GSM2516917
SRR5305592	ftp.sra.ebi.ac.uk/vol1/fastq/SRR530/002/SRR5305592/SRR5305592_1.fastq.gz;ftp.sra.ebi.ac.uk/vol1/fastq/SRR530/002/SRR5305592/SRR5305592_2.fastq.gz	GSM2516921	SRS2018288	GSM2516921
SRR5305478	ftp.sra.ebi.ac.uk/vol1/fastq/SRR530/008/SRR5305478/SRR5305478_1.fastq.gz;ftp.sra.ebi.ac.uk/vol1/fastq/SRR530/008/SRR5305478/SRR5305478_2.fastq.gz	GSM2516807	SRS2018175	GSM2516807
SRR5305480	ftp.sra.ebi.ac.uk/vol1/fastq/SRR530/000/SRR5305480/SRR5305480_1.fastq.gz;ftp.sra.ebi.ac.uk/vol1/fastq/SRR530/000/SRR5305480/SRR5305480_2.fastq.gz	GSM2516809	SRS2018177	GSM2516809
SRR5305482	ftp.sra.ebi.ac.uk/vol1/fastq/SRR530/002/SRR5305482/SRR5305482_1.fastq.gz;ftp.sra.ebi.ac.uk/vol1/fastq/SRR530/002/SRR5305482/SRR5305482_2.fastq.gz	GSM2516811	SRS2018178	GSM2516811
SRR5305485	ftp.sra.ebi.ac.uk/vol1/fastq/SRR530/005/SRR5305485/SRR5305485_1.fastq.gz;ftp.sra.ebi.ac.uk/vol1/fastq/SRR530/005/SRR5305485/SRR5305485_2.fastq.gz	GSM2516814	SRS2018181	GSM2516814
SRR5305492	ftp.sra.ebi.ac.uk/vol1/fastq/SRR530/002/SRR5305492/SRR5305492_1.fastq.gz;ftp.sra.ebi.ac.uk/vol1/fastq/SRR530/002/SRR5305492/SRR5305492_2.fastq.gz	GSM2516821	SRS2018185	GSM2516821
SRR5305493	ftp.sra.ebi.ac.uk/vol1/fastq/SRR530/003/SRR5305493/SRR5305493_1.fastq.gz;ftp.sra.ebi.ac.uk/vol1/fastq/SRR530/003/SRR5305493/SRR5305493_2.fastq.gz	GSM2516822	SRS2018191	GSM2516822
SRR5305497	ftp.sra.ebi.ac.uk/vol1/fastq/SRR530/007/SRR5305497/SRR5305497_1.fastq.gz;ftp.sra.ebi.ac.uk/vol1/fastq/SRR530/007/SRR5305497/SRR5305497_2.fastq.gz	GSM2516826	SRS2018194	GSM2516826
SRR5305500	ftp.sra.ebi.ac.uk/vol1/fastq/SRR530/000/SRR5305500/SRR5305500_1.fastq.gz;ftp.sra.ebi.ac.uk/vol1/fastq/SRR530/000/SRR5305500/SRR5305500_2.fastq.gz	GSM2516829	SRS2018196	GSM2516829
SRR5305502	ftp.sra.ebi.ac.uk/vol1/fastq/SRR530/002/SRR5305502/SRR5305502_1.fastq.gz;ftp.sra.ebi.ac.uk/vol1/fastq/SRR530/002/SRR5305502/SRR5305502_2.fastq.gz	GSM2516831	SRS2018200	GSM2516831
SRR5305503	ftp.sra.ebi.ac.uk/vol1/fastq/SRR530/003/SRR5305503/SRR5305503_1.fastq.gz;ftp.sra.ebi.ac.uk/vol1/fastq/SRR530/003/SRR5305503/SRR5305503_2.fastq.gz	GSM2516832	SRS2018199	GSM2516832
SRR5305509	ftp.sra.ebi.ac.uk/vol1/fastq/SRR530/009/SRR5305509/SRR5305509_1.fastq.gz;ftp.sra.ebi.ac.uk/vol1/fastq/SRR530/009/SRR5305509/SRR5305509_2.fastq.gz	GSM2516838	SRS2018206	GSM2516838
SRR5305513	ftp.sra.ebi.ac.uk/vol1/fastq/SRR530/003/SRR5305513/SRR5305513_1.fastq.gz;ftp.sra.ebi.ac.uk/vol1/fastq/SRR530/003/SRR5305513/SRR5305513_2.fastq.gz	GSM2516842	SRS2018210	GSM2516842
SRR5305515	ftp.sra.ebi.ac.uk/vol1/fastq/SRR530/005/SRR5305515/SRR5305515_1.fastq.gz;ftp.sra.ebi.ac.uk/vol1/fastq/SRR530/005/SRR5305515/SRR5305515_2.fastq.gz	GSM2516844	SRS2018211	GSM2516844
SRR5305521	ftp.sra.ebi.ac.uk/vol1/fastq/SRR530/001/SRR5305521/SRR5305521_1.fastq.gz;ftp.sra.ebi.ac.uk/vol1/fastq/SRR530/001/SRR5305521/SRR5305521_2.fastq.gz	GSM2516850	SRS2018217	GSM2516850
SRR5305525	ftp.sra.ebi.ac.uk/vol1/fastq/SRR530/005/SRR5305525/SRR5305525_1.fastq.gz;ftp.sra.ebi.ac.uk/vol1/fastq/SRR530/005/SRR5305525/SRR5305525_2.fastq.gz	GSM2516854	SRS2018219	GSM2516854
SRR5305532	ftp.sra.ebi.ac.uk/vol1/fastq/SRR530/002/SRR5305532/SRR5305532_1.fastq.gz;ftp.sra.ebi.ac.uk/vol1/fastq/SRR530/002/SRR5305532/SRR5305532_2.fastq.gz	GSM2516861	SRS2018228	GSM2516861
SRR5305533	ftp.sra.ebi.ac.uk/vol1/fastq/SRR530/003/SRR5305533/SRR5305533_1.fastq.gz;ftp.sra.ebi.ac.uk/vol1/fastq/SRR530/003/SRR5305533/SRR5305533_2.fastq.gz	GSM2516862	SRS2018231	GSM2516862
SRR5305536	ftp.sra.ebi.ac.uk/vol1/fastq/SRR530/006/SRR5305536/SRR5305536_1.fastq.gz;ftp.sra.ebi.ac.uk/vol1/fastq/SRR530/006/SRR5305536/SRR5305536_2.fastq.gz	GSM2516865	SRS2018238	GSM2516865
SRR5305546	ftp.sra.ebi.ac.uk/vol1/fastq/SRR530/006/SRR5305546/SRR5305546_1.fastq.gz;ftp.sra.ebi.ac.uk/vol1/fastq/SRR530/006/SRR5305546/SRR5305546_2.fastq.gz	GSM2516875	SRS2018242	GSM2516875
SRR5305548	ftp.sra.ebi.ac.uk/vol1/fastq/SRR530/008/SRR5305548/SRR5305548_1.fastq.gz;ftp.sra.ebi.ac.uk/vol1/fastq/SRR530/008/SRR5305548/SRR5305548_2.fastq.gz	GSM2516877	SRS2018246	GSM2516877
SRR5305550	ftp.sra.ebi.ac.uk/vol1/fastq/SRR530/000/SRR5305550/SRR5305550_1.fastq.gz;ftp.sra.ebi.ac.uk/vol1/fastq/SRR530/000/SRR5305550/SRR5305550_2.fastq.gz	GSM2516879	SRS2018245	GSM2516879
SRR5305552	ftp.sra.ebi.ac.uk/vol1/fastq/SRR530/002/SRR5305552/SRR5305552_1.fastq.gz;ftp.sra.ebi.ac.uk/vol1/fastq/SRR530/002/SRR5305552/SRR5305552_2.fastq.gz	GSM2516881	SRS2018253	GSM2516881
SRR5305555	ftp.sra.ebi.ac.uk/vol1/fastq/SRR530/005/SRR5305555/SRR5305555_1.fastq.gz;ftp.sra.ebi.ac.uk/vol1/fastq/SRR530/005/SRR5305555/SRR5305555_2.fastq.gz	GSM2516884	SRS2018250	GSM2516884
SRR5305556	ftp.sra.ebi.ac.uk/vol1/fastq/SRR530/006/SRR5305556/SRR5305556_1.fastq.gz;ftp.sra.ebi.ac.uk/vol1/fastq/SRR530/006/SRR5305556/SRR5305556_2.fastq.gz	GSM2516885	SRS2018254	GSM2516885
SRR5305561	ftp.sra.ebi.ac.uk/vol1/fastq/SRR530/001/SRR5305561/SRR5305561_1.fastq.gz;ftp.sra.ebi.ac.uk/vol1/fastq/SRR530/001/SRR5305561/SRR5305561_2.fastq.gz	GSM2516890	SRS2018256	GSM2516890
SRR5305563	ftp.sra.ebi.ac.uk/vol1/fastq/SRR530/003/SRR5305563/SRR5305563_1.fastq.gz;ftp.sra.ebi.ac.uk/vol1/fastq/SRR530/003/SRR5305563/SRR5305563_2.fastq.gz	GSM2516892	SRS2018258	GSM2516892
SRR5305564	ftp.sra.ebi.ac.uk/vol1/fastq/SRR530/004/SRR5305564/SRR5305564_1.fastq.gz;ftp.sra.ebi.ac.uk/vol1/fastq/SRR530/004/SRR5305564/SRR5305564_2.fastq.gz	GSM2516893	SRS2018265	GSM2516893
SRR5305569	ftp.sra.ebi.ac.uk/vol1/fastq/SRR530/009/SRR5305569/SRR5305569_1.fastq.gz;ftp.sra.ebi.ac.uk/vol1/fastq/SRR530/009/SRR5305569/SRR5305569_2.fastq.gz	GSM2516898	SRS2018266	GSM2516898
SRR5305574	ftp.sra.ebi.ac.uk/vol1/fastq/SRR530/004/SRR5305574/SRR5305574_1.fastq.gz;ftp.sra.ebi.ac.uk/vol1/fastq/SRR530/004/SRR5305574/SRR5305574_2.fastq.gz	GSM2516903	SRS2018270	GSM2516903
SRR5305581	ftp.sra.ebi.ac.uk/vol1/fastq/SRR530/001/SRR5305581/SRR5305581_1.fastq.gz;ftp.sra.ebi.ac.uk/vol1/fastq/SRR530/001/SRR5305581/SRR5305581_2.fastq.gz	GSM2516910	SRS2018275	GSM2516910
SRR5305583	ftp.sra.ebi.ac.uk/vol1/fastq/SRR530/003/SRR5305583/SRR5305583_1.fastq.gz;ftp.sra.ebi.ac.uk/vol1/fastq/SRR530/003/SRR5305583/SRR5305583_2.fastq.gz	GSM2516912	SRS2018279	GSM2516912
SRR5305590	ftp.sra.ebi.ac.uk/vol1/fastq/SRR530/000/SRR5305590/SRR5305590_1.fastq.gz;ftp.sra.ebi.ac.uk/vol1/fastq/SRR530/000/SRR5305590/SRR5305590_2.fastq.gz	GSM2516919	SRS2018283	GSM2516919
SRR5305479	ftp.sra.ebi.ac.uk/vol1/fastq/SRR530/009/SRR5305479/SRR5305479_1.fastq.gz;ftp.sra.ebi.ac.uk/vol1/fastq/SRR530/009/SRR5305479/SRR5305479_2.fastq.gz	GSM2516808	SRS2018176	GSM2516808
SRR5305486	ftp.sra.ebi.ac.uk/vol1/fastq/SRR530/006/SRR5305486/SRR5305486_1.fastq.gz;ftp.sra.ebi.ac.uk/vol1/fastq/SRR530/006/SRR5305486/SRR5305486_2.fastq.gz	GSM2516815	SRS2018184	GSM2516815
SRR5305487	ftp.sra.ebi.ac.uk/vol1/fastq/SRR530/007/SRR5305487/SRR5305487_1.fastq.gz;ftp.sra.ebi.ac.uk/vol1/fastq/SRR530/007/SRR5305487/SRR5305487_2.fastq.gz	GSM2516816	SRS2018189	GSM2516816
SRR5305488	ftp.sra.ebi.ac.uk/vol1/fastq/SRR530/008/SRR5305488/SRR5305488_1.fastq.gz;ftp.sra.ebi.ac.uk/vol1/fastq/SRR530/008/SRR5305488/SRR5305488_2.fastq.gz	GSM2516817	SRS2018183	GSM2516817
SRR5305489	ftp.sra.ebi.ac.uk/vol1/fastq/SRR530/009/SRR5305489/SRR5305489_1.fastq.gz;ftp.sra.ebi.ac.uk/vol1/fastq/SRR530/009/SRR5305489/SRR5305489_2.fastq.gz	GSM2516818	SRS2018186	GSM2516818
SRR5305494	ftp.sra.ebi.ac.uk/vol1/fastq/SRR530/004/SRR5305494/SRR5305494_1.fastq.gz;ftp.sra.ebi.ac.uk/vol1/fastq/SRR530/004/SRR5305494/SRR5305494_2.fastq.gz	GSM2516823	SRS2018190	GSM2516823
SRR5305496	ftp.sra.ebi.ac.uk/vol1/fastq/SRR530/006/SRR5305496/SRR5305496_1.fastq.gz;ftp.sra.ebi.ac.uk/vol1/fastq/SRR530/006/SRR5305496/SRR5305496_2.fastq.gz	GSM2516825	SRS2018193	GSM2516825
SRR5305498	ftp.sra.ebi.ac.uk/vol1/fastq/SRR530/008/SRR5305498/SRR5305498_1.fastq.gz;ftp.sra.ebi.ac.uk/vol1/fastq/SRR530/008/SRR5305498/SRR5305498_2.fastq.gz	GSM2516827	SRS2018195	GSM2516827
SRR5305501	ftp.sra.ebi.ac.uk/vol1/fastq/SRR530/001/SRR5305501/SRR5305501_1.fastq.gz;ftp.sra.ebi.ac.uk/vol1/fastq/SRR530/001/SRR5305501/SRR5305501_2.fastq.gz	GSM2516830	SRS2018197	GSM2516830
SRR5305504	ftp.sra.ebi.ac.uk/vol1/fastq/SRR530/004/SRR5305504/SRR5305504_1.fastq.gz;ftp.sra.ebi.ac.uk/vol1/fastq/SRR530/004/SRR5305504/SRR5305504_2.fastq.gz	GSM2516833	SRS2018203	GSM2516833
SRR5305506	ftp.sra.ebi.ac.uk/vol1/fastq/SRR530/006/SRR5305506/SRR5305506_1.fastq.gz;ftp.sra.ebi.ac.uk/vol1/fastq/SRR530/006/SRR5305506/SRR5305506_2.fastq.gz	GSM2516835	SRS2018204	GSM2516835
SRR5305507	ftp.sra.ebi.ac.uk/vol1/fastq/SRR530/007/SRR5305507/SRR5305507_1.fastq.gz;ftp.sra.ebi.ac.uk/vol1/fastq/SRR530/007/SRR5305507/SRR5305507_2.fastq.gz	GSM2516836	SRS2018202	GSM2516836
SRR5305508	ftp.sra.ebi.ac.uk/vol1/fastq/SRR530/008/SRR5305508/SRR5305508_1.fastq.gz;ftp.sra.ebi.ac.uk/vol1/fastq/SRR530/008/SRR5305508/SRR5305508_2.fastq.gz	GSM2516837	SRS2018205	GSM2516837
SRR5305511	ftp.sra.ebi.ac.uk/vol1/fastq/SRR530/001/SRR5305511/SRR5305511_1.fastq.gz;ftp.sra.ebi.ac.uk/vol1/fastq/SRR530/001/SRR5305511/SRR5305511_2.fastq.gz	GSM2516840	SRS2018208	GSM2516840
SRR5305512	ftp.sra.ebi.ac.uk/vol1/fastq/SRR530/002/SRR5305512/SRR5305512_1.fastq.gz;ftp.sra.ebi.ac.uk/vol1/fastq/SRR530/002/SRR5305512/SRR5305512_2.fastq.gz	GSM2516841	SRS2018209	GSM2516841
SRR5305514	ftp.sra.ebi.ac.uk/vol1/fastq/SRR530/004/SRR5305514/SRR5305514_1.fastq.gz;ftp.sra.ebi.ac.uk/vol1/fastq/SRR530/004/SRR5305514/SRR5305514_2.fastq.gz	GSM2516843	SRS2018215	GSM2516843
SRR5305516	ftp.sra.ebi.ac.uk/vol1/fastq/SRR530/006/SRR5305516/SRR5305516_1.fastq.gz;ftp.sra.ebi.ac.uk/vol1/fastq/SRR530/006/SRR5305516/SRR5305516_2.fastq.gz	GSM2516845	SRS2018212	GSM2516845
SRR5305517	ftp.sra.ebi.ac.uk/vol1/fastq/SRR530/007/SRR5305517/SRR5305517_1.fastq.gz;ftp.sra.ebi.ac.uk/vol1/fastq/SRR530/007/SRR5305517/SRR5305517_2.fastq.gz	GSM2516846	SRS2018213	GSM2516846
SRR5305518	ftp.sra.ebi.ac.uk/vol1/fastq/SRR530/008/SRR5305518/SRR5305518_1.fastq.gz;ftp.sra.ebi.ac.uk/vol1/fastq/SRR530/008/SRR5305518/SRR5305518_2.fastq.gz	GSM2516847	SRS2018216	GSM2516847
SRR5305520	ftp.sra.ebi.ac.uk/vol1/fastq/SRR530/000/SRR5305520/SRR5305520_1.fastq.gz;ftp.sra.ebi.ac.uk/vol1/fastq/SRR530/000/SRR5305520/SRR5305520_2.fastq.gz	GSM2516849	SRS2018220	GSM2516849
SRR5305523	ftp.sra.ebi.ac.uk/vol1/fastq/SRR530/003/SRR5305523/SRR5305523_1.fastq.gz;ftp.sra.ebi.ac.uk/vol1/fastq/SRR530/003/SRR5305523/SRR5305523_2.fastq.gz	GSM2516852	SRS2018222	GSM2516852
SRR5305524	ftp.sra.ebi.ac.uk/vol1/fastq/SRR530/004/SRR5305524/SRR5305524_1.fastq.gz;ftp.sra.ebi.ac.uk/vol1/fastq/SRR530/004/SRR5305524/SRR5305524_2.fastq.gz	GSM2516853	SRS2018224	GSM2516853
SRR5305526	ftp.sra.ebi.ac.uk/vol1/fastq/SRR530/006/SRR5305526/SRR5305526_1.fastq.gz;ftp.sra.ebi.ac.uk/vol1/fastq/SRR530/006/SRR5305526/SRR5305526_2.fastq.gz	GSM2516855	SRS2018225	GSM2516855
SRR5305527	ftp.sra.ebi.ac.uk/vol1/fastq/SRR530/007/SRR5305527/SRR5305527_1.fastq.gz;ftp.sra.ebi.ac.uk/vol1/fastq/SRR530/007/SRR5305527/SRR5305527_2.fastq.gz	GSM2516856	SRS2018221	GSM2516856
SRR5305528	ftp.sra.ebi.ac.uk/vol1/fastq/SRR530/008/SRR5305528/SRR5305528_1.fastq.gz;ftp.sra.ebi.ac.uk/vol1/fastq/SRR530/008/SRR5305528/SRR5305528_2.fastq.gz	GSM2516857	SRS2018223	GSM2516857
SRR5305529	ftp.sra.ebi.ac.uk/vol1/fastq/SRR530/009/SRR5305529/SRR5305529_1.fastq.gz;ftp.sra.ebi.ac.uk/vol1/fastq/SRR530/009/SRR5305529/SRR5305529_2.fastq.gz	GSM2516858	SRS2018226	GSM2516858
SRR5305531	ftp.sra.ebi.ac.uk/vol1/fastq/SRR530/001/SRR5305531/SRR5305531_1.fastq.gz;ftp.sra.ebi.ac.uk/vol1/fastq/SRR530/001/SRR5305531/SRR5305531_2.fastq.gz	GSM2516860	SRS2018229	GSM2516860
SRR5305534	ftp.sra.ebi.ac.uk/vol1/fastq/SRR530/004/SRR5305534/SRR5305534_1.fastq.gz;ftp.sra.ebi.ac.uk/vol1/fastq/SRR530/004/SRR5305534/SRR5305534_2.fastq.gz	GSM2516863	SRS2018232	GSM2516863
SRR5305537	ftp.sra.ebi.ac.uk/vol1/fastq/SRR530/007/SRR5305537/SRR5305537_1.fastq.gz;ftp.sra.ebi.ac.uk/vol1/fastq/SRR530/007/SRR5305537/SRR5305537_2.fastq.gz	GSM2516866	SRS2018233	GSM2516866
SRR5305538	ftp.sra.ebi.ac.uk/vol1/fastq/SRR530/008/SRR5305538/SRR5305538_1.fastq.gz;ftp.sra.ebi.ac.uk/vol1/fastq/SRR530/008/SRR5305538/SRR5305538_2.fastq.gz	GSM2516867	SRS2018236	GSM2516867
SRR5305545	ftp.sra.ebi.ac.uk/vol1/fastq/SRR530/005/SRR5305545/SRR5305545_1.fastq.gz;ftp.sra.ebi.ac.uk/vol1/fastq/SRR530/005/SRR5305545/SRR5305545_2.fastq.gz	GSM2516874	SRS2018240	GSM2516874
SRR5305547	ftp.sra.ebi.ac.uk/vol1/fastq/SRR530/007/SRR5305547/SRR5305547_1.fastq.gz;ftp.sra.ebi.ac.uk/vol1/fastq/SRR530/007/SRR5305547/SRR5305547_2.fastq.gz	GSM2516876	SRS2018244	GSM2516876
SRR5305549	ftp.sra.ebi.ac.uk/vol1/fastq/SRR530/009/SRR5305549/SRR5305549_1.fastq.gz;ftp.sra.ebi.ac.uk/vol1/fastq/SRR530/009/SRR5305549/SRR5305549_2.fastq.gz	GSM2516878	SRS2018249	GSM2516878
SRR5305558	ftp.sra.ebi.ac.uk/vol1/fastq/SRR530/008/SRR5305558/SRR5305558_1.fastq.gz;ftp.sra.ebi.ac.uk/vol1/fastq/SRR530/008/SRR5305558/SRR5305558_2.fastq.gz	GSM2516887	SRS2018257	GSM2516887
SRR5305559	ftp.sra.ebi.ac.uk/vol1/fastq/SRR530/009/SRR5305559/SRR5305559_1.fastq.gz;ftp.sra.ebi.ac.uk/vol1/fastq/SRR530/009/SRR5305559/SRR5305559_2.fastq.gz	GSM2516888	SRS2018259	GSM2516888
SRR5305562	ftp.sra.ebi.ac.uk/vol1/fastq/SRR530/002/SRR5305562/SRR5305562_1.fastq.gz;ftp.sra.ebi.ac.uk/vol1/fastq/SRR530/002/SRR5305562/SRR5305562_2.fastq.gz	GSM2516891	SRS2018260	GSM2516891
SRR5305566	ftp.sra.ebi.ac.uk/vol1/fastq/SRR530/006/SRR5305566/SRR5305566_1.fastq.gz;ftp.sra.ebi.ac.uk/vol1/fastq/SRR530/006/SRR5305566/SRR5305566_2.fastq.gz	GSM2516895	SRS2018261	GSM2516895
SRR5305567	ftp.sra.ebi.ac.uk/vol1/fastq/SRR530/007/SRR5305567/SRR5305567_1.fastq.gz;ftp.sra.ebi.ac.uk/vol1/fastq/SRR530/007/SRR5305567/SRR5305567_2.fastq.gz	GSM2516896	SRS2018263	GSM2516896
SRR5305568	ftp.sra.ebi.ac.uk/vol1/fastq/SRR530/008/SRR5305568/SRR5305568_1.fastq.gz;ftp.sra.ebi.ac.uk/vol1/fastq/SRR530/008/SRR5305568/SRR5305568_2.fastq.gz	GSM2516897	SRS2018264	GSM2516897
SRR5305570	ftp.sra.ebi.ac.uk/vol1/fastq/SRR530/000/SRR5305570/SRR5305570_1.fastq.gz;ftp.sra.ebi.ac.uk/vol1/fastq/SRR530/000/SRR5305570/SRR5305570_2.fastq.gz	GSM2516899	SRS2018268	GSM2516899
SRR5305572	ftp.sra.ebi.ac.uk/vol1/fastq/SRR530/002/SRR5305572/SRR5305572_1.fastq.gz;ftp.sra.ebi.ac.uk/vol1/fastq/SRR530/002/SRR5305572/SRR5305572_2.fastq.gz	GSM2516901	SRS2018267	GSM2516901
SRR5305573	ftp.sra.ebi.ac.uk/vol1/fastq/SRR530/003/SRR5305573/SRR5305573_1.fastq.gz;ftp.sra.ebi.ac.uk/vol1/fastq/SRR530/003/SRR5305573/SRR5305573_2.fastq.gz	GSM2516902	SRS2018273	GSM2516902
SRR5305576	ftp.sra.ebi.ac.uk/vol1/fastq/SRR530/006/SRR5305576/SRR5305576_1.fastq.gz;ftp.sra.ebi.ac.uk/vol1/fastq/SRR530/006/SRR5305576/SRR5305576_2.fastq.gz	GSM2516905	SRS2018274	GSM2516905
SRR5305578	ftp.sra.ebi.ac.uk/vol1/fastq/SRR530/008/SRR5305578/SRR5305578_1.fastq.gz;ftp.sra.ebi.ac.uk/vol1/fastq/SRR530/008/SRR5305578/SRR5305578_2.fastq.gz	GSM2516907	SRS2018277	GSM2516907
SRR5305579	ftp.sra.ebi.ac.uk/vol1/fastq/SRR530/009/SRR5305579/SRR5305579_1.fastq.gz;ftp.sra.ebi.ac.uk/vol1/fastq/SRR530/009/SRR5305579/SRR5305579_2.fastq.gz	GSM2516908	SRS2018276	GSM2516908
SRR5305582	ftp.sra.ebi.ac.uk/vol1/fastq/SRR530/002/SRR5305582/SRR5305582_1.fastq.gz;ftp.sra.ebi.ac.uk/vol1/fastq/SRR530/002/SRR5305582/SRR5305582_2.fastq.gz	GSM2516911	SRS2018280	GSM2516911
SRR5305584	ftp.sra.ebi.ac.uk/vol1/fastq/SRR530/004/SRR5305584/SRR5305584_1.fastq.gz;ftp.sra.ebi.ac.uk/vol1/fastq/SRR530/004/SRR5305584/SRR5305584_2.fastq.gz	GSM2516913	SRS2018281	GSM2516913
SRR5305585	ftp.sra.ebi.ac.uk/vol1/fastq/SRR530/005/SRR5305585/SRR5305585_1.fastq.gz;ftp.sra.ebi.ac.uk/vol1/fastq/SRR530/005/SRR5305585/SRR5305585_2.fastq.gz	GSM2516914	SRS2018282	GSM2516914
SRR5305586	ftp.sra.ebi.ac.uk/vol1/fastq/SRR530/006/SRR5305586/SRR5305586_1.fastq.gz;ftp.sra.ebi.ac.uk/vol1/fastq/SRR530/006/SRR5305586/SRR5305586_2.fastq.gz	GSM2516915	SRS2018284	GSM2516915
SRR5305587	ftp.sra.ebi.ac.uk/vol1/fastq/SRR530/007/SRR5305587/SRR5305587_1.fastq.gz;ftp.sra.ebi.ac.uk/vol1/fastq/SRR530/007/SRR5305587/SRR5305587_2.fastq.gz	GSM2516916	SRS2018285	GSM2516916
SRR5305589	ftp.sra.ebi.ac.uk/vol1/fastq/SRR530/009/SRR5305589/SRR5305589_1.fastq.gz;ftp.sra.ebi.ac.uk/vol1/fastq/SRR530/009/SRR5305589/SRR5305589_2.fastq.gz	GSM2516918	SRS2018290	GSM2516918
SRR5305591	ftp.sra.ebi.ac.uk/vol1/fastq/SRR530/001/SRR5305591/SRR5305591_1.fastq.gz;ftp.sra.ebi.ac.uk/vol1/fastq/SRR530/001/SRR5305591/SRR5305591_2.fastq.gz	GSM2516920	SRS2018289	GSM2516920
SRR5305593	ftp.sra.ebi.ac.uk/vol1/fastq/SRR530/003/SRR5305593/SRR5305593_1.fastq.gz;ftp.sra.ebi.ac.uk/vol1/fastq/SRR530/003/SRR5305593/SRR5305593_2.fastq.gz	GSM2516922	SRS2018287	GSM2516922
